{
  "recipes": [
    {
      "recipeKey": "paperPress",
      "recipes": [
        {
          "inputFluids": [
            ["WATER",250]
          ],
          "inputItems": [
            ["item","hbm:item.powder_sawdust"]
          ],
          "outputFluids": [],
          "outputItems": [
            ["minecraft:paper",3,1.0]
          ],
          "duration": 60,
          "consumptionPerTick": 10,
          "pollutionType": "SOOT",
          "pollutionAmount": 0.029999999329447746,
          "radiationAmount": 0.0,
          "flux": 0,
          "heat": 0
        }
      ]
    },
	{
      "recipeKey": "beerInator",
      "recipes": [
        {
          "inputFluids": [
            ["WATER",250]
          ],
          "inputItems": [
			["item","minecraft:wheat"]
          ],
          "outputFluids": [
		    ["MUG",500]
		  ],
          "outputItems": [],
          "duration": 60,
          "consumptionPerTick": 10,
          "pollutionType": "SOOT",
          "pollutionAmount": 0.029999999329447746,
          "radiationAmount": 0.0,
          "flux": 0,
          "heat": 0
        },
		{
          "inputFluids": [
            ["WATER",250]
          ],
          "inputItems": [
			["item","minecraft:wheat_seeds"],
			["item","hbm:item.plate_iron"]
          ],
          "outputFluids": [],
          "outputItems": [
		    ["hbm:item.can_mug",5,1.0]
		  ],
          "duration": 60,
          "consumptionPerTick": 10,
          "pollutionType": "SOOT",
          "pollutionAmount": 0.029999999329447746,
          "radiationAmount": 0.0,
          "flux": 0,
          "heat": 0
        }
      ]
    },
	{
      "recipeKey": "betonInator",
      "recipes": [
        {
          "inputFluids": [
            ["WATER",250]
          ],
          "inputItems": [
            ["item","hbm:item.powder_cement"],
			["item","minecraft:gravel"],
			["item","minecraft:sand"]
          ],
          "outputFluids": [],
          "outputItems": [
			["hbm:tile.concrete_smooth",64,1.0]
		  ],
          "duration": 60,
          "consumptionPerTick": 10,
          "pollutionType": "SOOT",
          "pollutionAmount": 0.05999999865,
          "radiationAmount": 0.0,
          "flux": 0,
          "heat": 500
        },{
          "inputFluids": [
            ["WATER",250]
          ],
          "inputItems": [
            ["item","hbm:item.powder_cement"],
			["item","minecraft:gravel"],
			["item","minecraft:sand"]
          ],
          "outputFluids": [],
          "outputItems": [
			["hbm:tile.concrete_smooth",64,1.0]
		  ],
          "duration": 60,
          "consumptionPerTick": 10,
          "pollutionType": "SOOT",
          "pollutionAmount": 0.05999999865,
          "radiationAmount": 0.0,
          "flux": 0,
          "heat": 500
        },{
          "inputFluids": [
            ["WATER",250]
          ],
          "inputItems": [
            ["item","minecraft:gravel"],
			["item","hbm:item.powder_cement"],
			["item","minecraft:sand"]
          ],
          "outputFluids": [],
          "outputItems": [
			["hbm:tile.concrete_smooth",64,1.0]
		  ],
          "duration": 60,
          "consumptionPerTick": 10,
          "pollutionType": "SOOT",
          "pollutionAmount": 0.05999999865,
          "radiationAmount": 0.0,
          "flux": 0,
          "heat": 500
        },{
          "inputFluids": [
            ["WATER",250]
          ],
          "inputItems": [
            ["item","minecraft:gravel"],
			["item","minecraft:sand"],
			["item","hbm:item.powder_cement"]
          ],
          "outputFluids": [],
          "outputItems": [
			["hbm:tile.concrete_smooth",64,1.0]
		  ],
          "duration": 60,
          "consumptionPerTick": 10,
          "pollutionType": "SOOT",
          "pollutionAmount": 0.05999999865,
          "radiationAmount": 0.0,
          "flux": 0,
          "heat": 500
        },{
          "inputFluids": [
            ["WATER",250]
          ],
          "inputItems": [
            ["item","minecraft:sand"],
			["item","hbm:item.powder_cement"],
			["item","minecraft:gravel"]
          ],
          "outputFluids": [],
          "outputItems": [
			["hbm:tile.concrete_smooth",64,1.0]
		  ],
          "duration": 60,
          "consumptionPerTick": 10,
          "pollutionType": "SOOT",
          "pollutionAmount": 0.05999999865,
          "radiationAmount": 0.0,
          "flux": 0,
          "heat": 500
        },{
          "inputFluids": [
            ["WATER",250]
          ],
          "inputItems": [
            ["item","minecraft:sand"],
			["item","minecraft:gravel"],
			["item","hbm:item.powder_cement"]
          ],
          "outputFluids": [],
          "outputItems": [
			["hbm:tile.concrete_smooth",64,1.0]
		  ],
          "duration": 60,
          "consumptionPerTick": 10,
          "pollutionType": "SOOT",
          "pollutionAmount": 0.05999999865,
          "radiationAmount": 0.0,
          "flux": 0,
          "heat": 500
        }
      ]
    },
	{
      "recipeKey": "blastFurnaceNC1",
      "recipes": [
        {
          "inputFluids": [
            ["WATER",250]
          ],
          "inputItems": [
            ["item","hbm:item.powder_sawdust"]
          ],
          "outputFluids": [],
          "outputItems": [
            ["minecraft:paper",3,1.0]
          ],
          "duration": 60,
          "consumptionPerTick": 10,
          "pollutionType": "SOOT",
          "pollutionAmount": 0.029999999329447746,
          "radiationAmount": 0.0,
          "flux": 0,
          "heat": 0
        }
      ]
    }
  ]
}